run,eval_loss,accuracy,f1_macro,runtime_s,samples_per_second
baseline(tweet_clean),0.6097005009651184,0.7489539748953975,0.7364794090082143,0.8639,553.326
with_topic(text_for_bert),0.6177518963813782,0.7719665271966527,0.7641536337505375,0.8681,550.605
